fname,lname,email,gender,city
Fred,Miller,fmiller0@qq.com,Male,Ehu
Antonio,Hall,ahall1@cbc.ca,Male,Shibīn al Kawm
Gerald,Grant,ggrant2@hatena.ne.jp,Male,Ngrayun
Kathryn,Moore,kmoore3@upenn.edu,Female,Cunén
Paul,Nichols,pnichols4@ihg.com,Male,Merlo
Willie,Montgomery,wmontgomery5@shutterfly.com,Male,Sobotka
Jesse,Jackson,jjackson6@wordpress.org,Male,Sơn Tịnh
Russell,Carr,rcarr7@arizona.edu,Male,Baro
Elizabeth,Webb,ewebb8@prnewswire.com,Female,Sulengwaseng
Katherine,Olson,kolson9@state.gov,Female,Aluminé
